<?xml version="1.0" encoding="UTF-8"?>
<!DOCTYPE nmaprun>
<?xml-stylesheet href="file:///usr/local/bin/../share/nmap/nmap.xsl" type="text/xsl"?>
<!-- Nmap 7.01 scan initiated Fri Dec 28 21:23:03 2018 as: nmap -p- -sV -T4 -oX /opt/NMAP/result/103.4.130.6.xml 103.4.130.6 -->
<nmaprun scanner="nmap" args="nmap -p- -sV -T4 -oX /opt/NMAP/result/103.4.130.6.xml 103.4.130.6" start="1546006983" startstr="Fri Dec 28 21:23:03 2018" version="7.01" xmloutputversion="1.04">
<scaninfo type="syn" protocol="tcp" numservices="65535" services="1-65535"/>
<verbose level="0"/>
<debugging level="0"/>
<host starttime="1546006983" endtime="1546045553"><status state="up" reason="echo-reply" reason_ttl="57"/>
<address addr="103.4.130.6" addrtype="ipv4"/>
<hostnames>
</hostnames>
<ports><extraports state="filtered" count="51421">
<extrareasons reason="no-responses" count="51421"/>
</extraports>
<extraports state="closed" count="14114">
<extrareasons reason="resets" count="14114"/>
</extraports>
</ports>
<times srtt="4105" rttvar="1372" to="100000"/>
</host>
<runstats><finished time="1546045554" timestr="Sat Dec 29 08:05:54 2018" elapsed="38572.66" summary="Nmap done at Sat Dec 29 08:05:54 2018; 1 IP address (1 host up) scanned in 38572.66 seconds" exit="success"/><hosts up="1" down="0" total="1"/>
</runstats>
</nmaprun>
