<?xml version="1.0" encoding="UTF-8"?>
<!DOCTYPE nmaprun>
<?xml-stylesheet href="file:///usr/local/bin/../share/nmap/nmap.xsl" type="text/xsl"?>
<!-- Nmap 7.01 scan initiated Fri Dec 28 21:23:03 2018 as: nmap -p- -sV -T4 -oX /opt/NMAP/result/103.4.130.86.xml 103.4.130.86 -->
<nmaprun scanner="nmap" args="nmap -p- -sV -T4 -oX /opt/NMAP/result/103.4.130.86.xml 103.4.130.86" start="1546006983" startstr="Fri Dec 28 21:23:03 2018" version="7.01" xmloutputversion="1.04">
<scaninfo type="syn" protocol="tcp" numservices="65535" services="1-65535"/>
<verbose level="0"/>
<debugging level="0"/>
<host starttime="1546006985" endtime="1546020260"><status state="up" reason="syn-ack" reason_ttl="247"/>
<address addr="103.4.130.86" addrtype="ipv4"/>
<hostnames>
</hostnames>
<ports><extraports state="filtered" count="65533">
<extrareasons reason="no-responses" count="65533"/>
</extraports>
<port protocol="tcp" portid="443"><state state="open" reason="syn-ack" reason_ttl="247"/><service name="tcpwrapped" method="probed" conf="8"/></port>
<port protocol="tcp" portid="8090"><state state="closed" reason="reset" reason_ttl="247"/><service name="unknown" method="table" conf="3"/></port>
</ports>
<times srtt="3418" rttvar="264" to="100000"/>
</host>
<runstats><finished time="1546020260" timestr="Sat Dec 29 01:04:20 2018" elapsed="13278.80" summary="Nmap done at Sat Dec 29 01:04:20 2018; 1 IP address (1 host up) scanned in 13278.80 seconds" exit="success"/><hosts up="1" down="0" total="1"/>
</runstats>
</nmaprun>
