<?xml version="1.0" encoding="UTF-8"?>
<!DOCTYPE nmaprun>
<?xml-stylesheet href="file:///usr/local/bin/../share/nmap/nmap.xsl" type="text/xsl"?>
<!-- Nmap 7.01 scan initiated Fri Dec 28 21:23:04 2018 as: nmap -p- -sV -T4 -oX /opt/NMAP/result/103.4.130.125.xml 103.4.130.125 -->
<nmaprun scanner="nmap" args="nmap -p- -sV -T4 -oX /opt/NMAP/result/103.4.130.125.xml 103.4.130.125" start="1546006984" startstr="Fri Dec 28 21:23:04 2018" version="7.01" xmloutputversion="1.04">
<scaninfo type="syn" protocol="tcp" numservices="65535" services="1-65535"/>
<verbose level="0"/>
<debugging level="0"/>
<host starttime="1546006985" endtime="1546027060"><status state="up" reason="reset" reason_ttl="247"/>
<address addr="103.4.130.125" addrtype="ipv4"/>
<hostnames>
</hostnames>
<ports><extraports state="filtered" count="65526">
<extrareasons reason="no-responses" count="65526"/>
</extraports>
<port protocol="tcp" portid="80"><state state="closed" reason="reset" reason_ttl="247"/><service name="http" method="table" conf="3"/></port>
<port protocol="tcp" portid="443"><state state="closed" reason="reset" reason_ttl="247"/><service name="https" method="table" conf="3"/></port>
<port protocol="tcp" portid="17002"><state state="closed" reason="reset" reason_ttl="247"/></port>
<port protocol="tcp" portid="17017"><state state="closed" reason="reset" reason_ttl="247"/><service name="unknown" method="table" conf="3"/></port>
<port protocol="tcp" portid="17053"><state state="closed" reason="reset" reason_ttl="247"/></port>
<port protocol="tcp" portid="17056"><state state="closed" reason="reset" reason_ttl="247"/></port>
<port protocol="tcp" portid="17067"><state state="closed" reason="reset" reason_ttl="247"/></port>
<port protocol="tcp" portid="17071"><state state="closed" reason="reset" reason_ttl="247"/></port>
<port protocol="tcp" portid="17076"><state state="closed" reason="reset" reason_ttl="247"/></port>
</ports>
<times srtt="3455" rttvar="76" to="100000"/>
</host>
<runstats><finished time="1546027061" timestr="Sat Dec 29 02:57:41 2018" elapsed="20079.63" summary="Nmap done at Sat Dec 29 02:57:41 2018; 1 IP address (1 host up) scanned in 20079.63 seconds" exit="success"/><hosts up="1" down="0" total="1"/>
</runstats>
</nmaprun>
