<?xml version="1.0" encoding="UTF-8"?>
<!DOCTYPE nmaprun>
<?xml-stylesheet href="file:///usr/local/bin/../share/nmap/nmap.xsl" type="text/xsl"?>
<!-- Nmap 7.01 scan initiated Fri Dec 28 21:23:01 2018 as: nmap -p- -sV -T4 -oX /opt/NMAP/result/103.4.128.1.xml 103.4.128.1 -->
<nmaprun scanner="nmap" args="nmap -p- -sV -T4 -oX /opt/NMAP/result/103.4.128.1.xml 103.4.128.1" start="1546006981" startstr="Fri Dec 28 21:23:01 2018" version="7.01" xmloutputversion="1.04">
<scaninfo type="syn" protocol="tcp" numservices="65535" services="1-65535"/>
<verbose level="0"/>
<debugging level="0"/>
<host starttime="1546006984" endtime="1546044586"><status state="up" reason="echo-reply" reason_ttl="249"/>
<address addr="103.4.128.1" addrtype="ipv4"/>
<hostnames>
</hostnames>
<ports><extraports state="filtered" count="50040">
<extrareasons reason="no-responses" count="50040"/>
</extraports>
<extraports state="closed" count="15495">
<extrareasons reason="resets" count="15495"/>
</extraports>
</ports>
<times srtt="1254" rttvar="28" to="100000"/>
</host>
<runstats><finished time="1546044586" timestr="Sat Dec 29 07:49:46 2018" elapsed="37605.52" summary="Nmap done at Sat Dec 29 07:49:46 2018; 1 IP address (1 host up) scanned in 37605.52 seconds" exit="success"/><hosts up="1" down="0" total="1"/>
</runstats>
</nmaprun>
