<?xml version="1.0" encoding="UTF-8"?>
<!DOCTYPE nmaprun>
<?xml-stylesheet href="file:///usr/local/bin/../share/nmap/nmap.xsl" type="text/xsl"?>
<!-- Nmap 7.01 scan initiated Fri Dec 28 21:23:03 2018 as: nmap -p- -sV -T4 -oX /opt/NMAP/result/103.4.130.7.xml 103.4.130.7 -->
<nmaprun scanner="nmap" args="nmap -p- -sV -T4 -oX /opt/NMAP/result/103.4.130.7.xml 103.4.130.7" start="1546006983" startstr="Fri Dec 28 21:23:03 2018" version="7.01" xmloutputversion="1.04">
<scaninfo type="syn" protocol="tcp" numservices="65535" services="1-65535"/>
<verbose level="0"/>
<debugging level="0"/>
<host starttime="1546006984" endtime="1546008322"><status state="up" reason="echo-reply" reason_ttl="248"/>
<address addr="103.4.130.7" addrtype="ipv4"/>
<hostnames>
</hostnames>
<ports><extraports state="filtered" count="65535">
<extrareasons reason="no-responses" count="65535"/>
</extraports>
</ports>
<times srtt="3486" rttvar="5000" to="100000"/>
</host>
<runstats><finished time="1546008322" timestr="Fri Dec 28 21:45:22 2018" elapsed="1341.31" summary="Nmap done at Fri Dec 28 21:45:22 2018; 1 IP address (1 host up) scanned in 1341.31 seconds" exit="success"/><hosts up="1" down="0" total="1"/>
</runstats>
</nmaprun>
