<?xml version="1.0" encoding="UTF-8"?>
<!DOCTYPE nmaprun>
<?xml-stylesheet href="file:///usr/local/bin/../share/nmap/nmap.xsl" type="text/xsl"?>
<!-- Nmap 7.01 scan initiated Fri Dec 28 21:23:03 2018 as: nmap -p- -sV -T4 -oX /opt/NMAP/result/103.4.130.10.xml 103.4.130.10 -->
<nmaprun scanner="nmap" args="nmap -p- -sV -T4 -oX /opt/NMAP/result/103.4.130.10.xml 103.4.130.10" start="1546006983" startstr="Fri Dec 28 21:23:03 2018" version="7.01" xmloutputversion="1.04">
<scaninfo type="syn" protocol="tcp" numservices="65535" services="1-65535"/>
<verbose level="0"/>
<debugging level="0"/>
<host starttime="1546006983" endtime="1546021268"><status state="up" reason="reset" reason_ttl="247"/>
<address addr="103.4.130.10" addrtype="ipv4"/>
<hostnames>
</hostnames>
<ports><extraports state="filtered" count="65533">
<extrareasons reason="no-responses" count="65533"/>
</extraports>
<port protocol="tcp" portid="80"><state state="closed" reason="reset" reason_ttl="247"/><service name="http" method="table" conf="3"/></port>
<port protocol="tcp" portid="443"><state state="closed" reason="reset" reason_ttl="247"/><service name="https" method="table" conf="3"/></port>
</ports>
<times srtt="4074" rttvar="865" to="100000"/>
</host>
<runstats><finished time="1546021269" timestr="Sat Dec 29 01:21:09 2018" elapsed="14287.59" summary="Nmap done at Sat Dec 29 01:21:09 2018; 1 IP address (1 host up) scanned in 14287.59 seconds" exit="success"/><hosts up="1" down="0" total="1"/>
</runstats>
</nmaprun>
