<?xml version="1.0" encoding="UTF-8"?>
<!DOCTYPE nmaprun>
<?xml-stylesheet href="file:///usr/local/bin/../share/nmap/nmap.xsl" type="text/xsl"?>
<!-- Nmap 7.01 scan initiated Fri Dec 28 21:23:01 2018 as: nmap -p- -sV -T4 -oX /opt/NMAP/result/103.4.128.99.xml 103.4.128.99 -->
<nmaprun scanner="nmap" args="nmap -p- -sV -T4 -oX /opt/NMAP/result/103.4.128.99.xml 103.4.128.99" start="1546006981" startstr="Fri Dec 28 21:23:01 2018" version="7.01" xmloutputversion="1.04">
<scaninfo type="syn" protocol="tcp" numservices="65535" services="1-65535"/>
<verbose level="0"/>
<debugging level="0"/>
<host starttime="1546006986" endtime="1546020540"><status state="up" reason="syn-ack" reason_ttl="247"/>
<address addr="103.4.128.99" addrtype="ipv4"/>
<hostnames>
</hostnames>
<ports><extraports state="filtered" count="65534">
<extrareasons reason="no-responses" count="65534"/>
</extraports>
<port protocol="tcp" portid="443"><state state="open" reason="syn-ack" reason_ttl="247"/><service name="https" servicefp="SF-Port443-TCP:V=7.01%T=SSL%I=7%D=12/29%Time=5C266676%P=i686-pc-linux-gnu%r(GetRequest,BD,&quot;HTTP/1\.1\x20503\x20Service\x20Unavailable\r\nContent-Length:\x2062\r\nConnection:\x20close\r\nCache-Control:\x20no-cache,no-store\r\nPragma:\x20no-cache\r\n\r\n&lt;html&gt;&lt;body&gt;&lt;b&gt;Http/1\.1\x20Service\x20Unavailable&lt;/b&gt;&lt;/body&gt;\x20&lt;/html&gt;&quot;)%r(HTTPOptions,BD,&quot;HTTP/1\.1\x20503\x20Service\x20Unavailable\r\nContent-Length:\x2062\r\nConnection:\x20close\r\nCache-Control:\x20no-cache,no-store\r\nPragma:\x20no-cache\r\n\r\n&lt;html&gt;&lt;body&gt;&lt;b&gt;Http/1\.1\x20Service\x20Unavailable&lt;/b&gt;&lt;/body&gt;\x20&lt;/html&gt;&quot;)%r(FourOhFourRequest,BD,&quot;HTTP/1\.1\x20503\x20Service\x20Unavailable\r\nContent-Length:\x2062\r\nConnection:\x20close\r\nCache-Control:\x20no-cache,no-store\r\nPragma:\x20no-cache\r\n\r\n&lt;html&gt;&lt;body&gt;&lt;b&gt;Http/1\.1\x20Service\x20Unavailable&lt;/b&gt;&lt;/body&gt;\x20&lt;/html&gt;&quot;)%r(vmware-esx,AD,&quot;HTTP/1\.1\x20400\x20Bad\x20Request\r\nContent-Length:\x2054\r\nConnection:\x20close\r\nCache-Control:\x20no-cache,no-store\r\nPragma:\x20no-cache\r\n\r\n&lt;html&gt;&lt;body&gt;&lt;b&gt;Http/1\.1\x20Bad\x20Request&lt;/b&gt;&lt;/body&gt;\x20&lt;/html&gt;&quot;)%r(RTSPRequest,BD,&quot;HTTP/1\.1\x20503\x20Service\x20Unavailable\r\nContent-Length:\x2062\r\nConnection:\x20close\r\nCache-Control:\x20no-cache,no-store\r\nPragma:\x20no-cache\r\n\r\n&lt;html&gt;&lt;body&gt;&lt;b&gt;Http/1\.1\x20Service\x20Unavailable&lt;/b&gt;&lt;/body&gt;\x20&lt;/html&gt;&quot;)%r(Help,AD,&quot;HTTP/1\.1\x20400\x20Bad\x20Request\r\nContent-Length:\x2054\r\nConnection:\x20close\r\nCache-Control:\x20no-cache,no-store\r\nPragma:\x20no-cache\r\n\r\n&lt;html&gt;&lt;body&gt;&lt;b&gt;Http/1\.1\x20Bad\x20Request&lt;/b&gt;&lt;/body&gt;\x20&lt;/html&gt;&quot;)%r(SSLSessionReq,AD,&quot;HTTP/1\.1\x20400\x20Bad\x20Request\r\nContent-Length:\x2054\r\nConnection:\x20close\r\nCache-Control:\x20no-cache,no-store\r\nPragma:\x20no-cache\r\n\r\n&lt;html&gt;&lt;body&gt;&lt;b&gt;Http/1\.1\x20Bad\x20Request&lt;/b&gt;&lt;/body&gt;\x20&lt;/html&gt;&quot;)%r(TLSSessionReq,AD,&quot;HTTP/1\.1\x20400\x20Bad\x20Request\r\nContent-Length:\x2054\r\nConnection:\x20close\r\nCache-Control:\x20no-cache,no-store\r\nPragma:\x20no-cache\r\n\r\n&lt;html&gt;&lt;body&gt;&lt;b&gt;Http/1\.1\x20Bad\x20Request&lt;/b&gt;&lt;/body&gt;\x20&lt;/html&gt;&quot;)%r(Kerberos,AD,&quot;HTTP/1\.1\x20400\x20Bad\x20Request\r\nContent-Length:\x2054\r\nConnection:\x20close\r\nCache-Control:\x20no-cache,no-store\r\nPragma:\x20no-cache\r\n\r\n&lt;html&gt;&lt;body&gt;&lt;b&gt;Http/1\.1\x20Bad\x20Request&lt;/b&gt;&lt;/body&gt;\x20&lt;/html&gt;&quot;);" tunnel="ssl" method="probed" conf="10"/></port>
</ports>
<times srtt="4121" rttvar="1706" to="100000"/>
</host>
<runstats><finished time="1546020540" timestr="Sat Dec 29 01:09:00 2018" elapsed="13559.40" summary="Nmap done at Sat Dec 29 01:09:00 2018; 1 IP address (1 host up) scanned in 13559.40 seconds" exit="success"/><hosts up="1" down="0" total="1"/>
</runstats>
</nmaprun>
