<?xml version="1.0" encoding="UTF-8"?>
<!DOCTYPE nmaprun>
<?xml-stylesheet href="file:///usr/local/bin/../share/nmap/nmap.xsl" type="text/xsl"?>
<!-- Nmap 7.01 scan initiated Fri Dec 28 21:23:05 2018 as: nmap -p- -sV -T4 -oX /opt/NMAP/result/118.71.250.185.xml 118.71.250.185 -->
<nmaprun scanner="nmap" args="nmap -p- -sV -T4 -oX /opt/NMAP/result/118.71.250.185.xml 118.71.250.185" start="1546006985" startstr="Fri Dec 28 21:23:05 2018" version="7.01" xmloutputversion="1.04">
<scaninfo type="syn" protocol="tcp" numservices="65535" services="1-65535"/>
<verbose level="0"/>
<debugging level="0"/>
<host starttime="1546006985" endtime="1546007138"><status state="up" reason="echo-reply" reason_ttl="57"/>
<address addr="118.71.250.185" addrtype="ipv4"/>
<hostnames>
</hostnames>
<ports><extraports state="closed" count="65526">
<extrareasons reason="resets" count="65526"/>
</extraports>
<port protocol="tcp" portid="20"><state state="filtered" reason="no-response" reason_ttl="0"/><service name="ftp-data" method="table" conf="3"/></port>
<port protocol="tcp" portid="21"><state state="filtered" reason="no-response" reason_ttl="0"/><service name="ftp" method="table" conf="3"/></port>
<port protocol="tcp" portid="22"><state state="filtered" reason="no-response" reason_ttl="0"/><service name="ssh" method="table" conf="3"/></port>
<port protocol="tcp" portid="23"><state state="filtered" reason="no-response" reason_ttl="0"/><service name="telnet" method="table" conf="3"/></port>
<port protocol="tcp" portid="49"><state state="filtered" reason="no-response" reason_ttl="0"/><service name="tacacs" method="table" conf="3"/></port>
<port protocol="tcp" portid="179"><state state="open" reason="syn-ack" reason_ttl="248"/><service name="bgp" method="table" conf="3"/></port>
<port protocol="tcp" portid="646"><state state="open" reason="syn-ack" reason_ttl="57"/><service name="tcpwrapped" method="probed" conf="8"/></port>
<port protocol="tcp" portid="830"><state state="open" reason="syn-ack" reason_ttl="57"/><service name="netconf-ssh" method="table" conf="3"/></port>
<port protocol="tcp" portid="1812"><state state="filtered" reason="no-response" reason_ttl="0"/><service name="radius" method="table" conf="3"/></port>
</ports>
<times srtt="1860" rttvar="494" to="100000"/>
</host>
<runstats><finished time="1546007138" timestr="Fri Dec 28 21:25:38 2018" elapsed="157.24" summary="Nmap done at Fri Dec 28 21:25:38 2018; 1 IP address (1 host up) scanned in 157.24 seconds" exit="success"/><hosts up="1" down="0" total="1"/>
</runstats>
</nmaprun>
