<?xml version="1.0" encoding="UTF-8"?>
<!DOCTYPE nmaprun>
<?xml-stylesheet href="file:///usr/local/bin/../share/nmap/nmap.xsl" type="text/xsl"?>
<!-- Nmap 7.01 scan initiated Fri Dec 28 21:23:04 2018 as: nmap -p- -sV -T4 -oX /opt/NMAP/result/123.30.21.89.xml 123.30.21.89 -->
<nmaprun scanner="nmap" args="nmap -p- -sV -T4 -oX /opt/NMAP/result/123.30.21.89.xml 123.30.21.89" start="1546006984" startstr="Fri Dec 28 21:23:04 2018" version="7.01" xmloutputversion="1.04">
<scaninfo type="syn" protocol="tcp" numservices="65535" services="1-65535"/>
<verbose level="0"/>
<debugging level="0"/>
<host starttime="1546006985" endtime="1546008322"><status state="up" reason="echo-reply" reason_ttl="59"/>
<address addr="123.30.21.89" addrtype="ipv4"/>
<hostnames>
<hostname name="static.vnpt.vn" type="PTR"/>
</hostnames>
<ports><extraports state="filtered" count="65535">
<extrareasons reason="no-responses" count="65535"/>
</extraports>
</ports>
<times srtt="1074" rttvar="5000" to="100000"/>
</host>
<runstats><finished time="1546008323" timestr="Fri Dec 28 21:45:23 2018" elapsed="1341.58" summary="Nmap done at Fri Dec 28 21:45:23 2018; 1 IP address (1 host up) scanned in 1341.58 seconds" exit="success"/><hosts up="1" down="0" total="1"/>
</runstats>
</nmaprun>
